porosity,density,thermal_cond,moisture_diffusivity,E0_dry,E_sensitivity_to_moisture,nu,RH_exposure,temperature,thickness,load_magnitude,exposure_time_days,moisture_content_avg,E_effective_wet,principal_stress_max,strain_max,damage_index,G_effective
0.30745071229516846,397.2347139765763,0.08259075415240277,1.0761514928204013e-08,1.9765846625276664,0.14824397282288115,0.21579212815507393,31.151152093729362,14.647894210548786,5.135640010896491,0.48841455767968844,0.9767135123214872,7.270253355825261,1.9552816014829737,0.6162576451164363,0.31517590338345064,0.0006641847668890476,0.8041183834814146
0.3118914594904562,372.8078969978699,0.07720289813611841,1.0676563427626703e-08,2.0149648606992043,0.15961194332753428,0.19384200045771832,29.11440185556156,16.537311041363033,5.347111510582722,0.5938350183019896,2.0470685672336186,9.149489123593355,1.985538963911879,0.7534939513763568,0.3794908914261921,0.0011003782584764667,0.8315752683984248
0.30771639568353026,426.84407129180124,0.08385884490044772,1.2294621208214458e-08,2.1774793307233993,0.16188965848384093,0.199921186955595,35.67718887266766,15.805652704926633,5.5087269237220085,0.7117910760769968,3.2001215412804482,13.840648139520312,2.1286894702452277,0.898404399887946,0.4220457762608506,0.002013016826614201,0.8870122027122783
0.3278785011842608,393.9418972948702,0.08726215091433182,1.3387604244818988e-08,2.454757268652518,0.17289744241019975,0.2079740868423679,33.46802280290187,15.025076548630505,6.000456649428178,0.7576487007178858,4.856030227679057,17.234315596400435,2.38161117036822,0.9812558022020481,0.4120134362866364,0.002923915707124387,0.9857873593107148
0.3383683450203734,409.40113936940804,0.09954653372764798,1.428307777861394e-08,2.4055260366966054,0.18403282400750776,0.2231861173815897,36.95011694497043,15.934732365891376,6.530108140661587,0.8817129549333178,6.1000309808468085,21.899835576398424,2.308576395396148,1.1576632210184374,0.5014619500256063,0.00466571686659425,0.9436733963012907
0.33265080635508537,456.9429664565283,0.09678183513315279,1.504170639706758e-08,2.7183707196596507,0.19830794312244338,0.21453091144625253,38.470756685424675,17.348944980525282,6.813707841491053,0.9765159116927504,7.560290386596217,25.94065118160075,2.5785312824336937,1.2725834858238299,0.4935303653259262,0.006546471281258204,1.0615338227016395
0.34835446401144876,510.50993144376014,0.09293115883119361,1.829735744056504e-08,2.746596231779505,0.18997385769193625,0.2193692248050305,34.186858998818714,17.257327077447886,7.581985804695702,1.1286852482695795,8.011364389832368,25.961609417183254,2.6111333614962944,1.501619040130601,0.5750832425005313,0.007406025789098982,1.0706902012857502
0.3427054713769073,473.528757512947,0.11652866894148299,1.9624336799226397e-08,2.78146282803328,0.20513267433113355,0.2225033585820676,41.18840980283246,17.230309737609506,7.72841844240802,1.1204509626781625,8.738628667309145,32.96432440723595,2.5933786420793585,1.4795445105292893,0.5705084813002846,0.010004768787158676,1.060683647154685
0.37071484995862847,504.45892718488705,0.11594800452421344,2.0960734984788592e-08,2.768730481286367,0.20278617344278735,0.22064300032469952,38.98313085127447,18.118009477611146,8.432286323479477,1.351136986758405,10.725464327025906,34.111276604482406,2.5772092191118525,1.8526868217209094,0.7188732711267325,0.012815581758800251,1.05567689259935
0.37827874709206794,508.30495112841413,0.10885637737728128,2.326863007910038e-08,3.1113826448071795,0.24067759406234235,0.2253624237170311,42.57110182499548,18.64105992930582,8.166644728583366,1.4023300846362003,12.281756284651356,39.39040892936809,2.8164114714602,1.9430355957871335,0.6898976287650699,0.018420732997943324,1.1492157001668368
0.39672683409153564,498.6935522012803,0.1336582665131928,2.3801426739143276e-08,3.3191055314494315,0.24568004442861047,0.21919075461839102,42.04025389106339,19.176708190160145,8.853013606039072,1.308396828102963,13.085522184592909,39.52834780740632,2.9967763648575043,1.8604390036875935,0.6208134265554569,0.018067330124687666,1.2290022514957066
0.3690918357835014,547.3552262067773,0.12343964321934457,3.029671550171312e-08,3.215863734751895,0.224890725529078,0.24317833891722726,41.8475117026447,19.711453303619333,10.11002181708299,1.388822694533132,14.376402482913825,40.992321258359446,2.9193999180986117,1.9001329613302222,0.6508642236887394,0.017516932193898552,1.174167786997208
0.4031303209059635,568.3192377179918,0.12559755442514264,2.884909398789893e-08,3.559928638933543,0.23921446222024825,0.23969971128980835,46.713784154457336,19.221403975980586,10.012901064411313,1.6255165195448436,14.897179567912286,45.696010371881115,3.1707876224530476,2.3325975692587058,0.7356524141639342,0.025497965864090765,1.2788530938488714
0.4440090946650823,572.4316551356969,0.13012547172343472,3.5046133718569675e-08,3.4167918633061136,0.25241459875972977,0.25368724291156836,45.30624533981203,21.284244131222554,10.518830987860134,1.7635010135505538,18.232431708005738,45.14490645998781,3.027440453976879,2.688301010286407,0.8879781621319836,0.03063381759646984,1.2074145569775196
0.4092026747399405,549.8932524469288,0.1365034683598177,3.575543255554662e-08,3.6999668253945237,0.25426439968520803,0.24621695970615023,50.58030217623034,20.727751959444976,11.49296468419142,1.7620842113180397,20.28586532731216,50.49378173622028,3.2249365538693335,2.5507976752149126,0.7909605763110045,0.03274910747703692,1.293890493445761
0.4356646062231996,558.658463149484,0.139457302208162,4.1936992403985467e-08,3.793866322815041,0.26632286349546974,0.25173725854705226,49.716258478116266,20.2281311242849,10.280008431169597,1.8356332902141164,19.877424973365432,49.68295061665686,3.291873097272199,2.7631122884758446,0.8393738782839136,0.03656068854845299,1.3149217516674483
0.43522181428688494,558.8004363893979,0.15315149600850284,4.585098883414139e-08,3.7842159769152857,0.26631708175713736,0.2497042309847359,48.29708627800524,21.915781290987184,11.853921691222503,2.0760351479249124,21.33308718129659,48.287835720023345,3.29757051388548,3.1228990248798945,0.9470302490060258,0.04016009263818048,1.3193403815585534
0.4085511312131862,579.6457283780911,0.1603522144355289,5.0686625062480054e-08,4.1867444257767445,0.3237156416588855,0.25923520184393944,55.53477706476025,22.98525703648489,12.327616206136623,2.028732455399312,22.284117979549915,55.53185737062984,3.43411302283296,2.9340310570741663,0.8543781283743968,0.05274369978665898,1.3635709269421135
0.4296684977567624,613.0619534235752,0.15691360739092516,5.450898845803975e-08,4.690632310953819,0.2525630919603292,0.2638553595711035,49.53309193883604,21.819627149959764,13.01919909302577,2.159981165320991,21.451658726245448,49.53126769634387,4.103844991768016,3.222258178368017,0.7851802845457391,0.040309709072562455,1.6235421880715364
0.4388252319219415,654.1505410377295,0.1592694186562155,6.02816719119005e-08,4.336389010264907,0.27640570931991687,0.28583764564282177,56.953827505479815,20.450985730486497,12.874014231358053,2.170615804974977,24.895252042562838,56.95370604595514,3.6537403630853538,3.2829683009299493,0.898522602782232,0.05168156879048721,1.4207627127213092
0.44490793799752826,641.1982943363735,0.17408315730726265,6.834876044070674e-08,4.181974880879429,0.28795908904661466,0.2550211224664692,54.6839571691539,25.207949553794943,13.429809391397772,2.18941712982514,26.232706462173795,54.683947870160225,3.523450177293655,3.342151823871252,0.9485452200826472,0.05262799518993394,1.4037413849932203
0.5214508246438692,691.0667157038233,0.16104549029668644,7.022608567701095e-08,4.861008262671228,0.2893849580157183,0.27015047101478945,60.098048511706295,22.4789748013544,13.531036365529493,2.034988965848756,24.93937624281779,60.09803374206191,4.015607616197871,3.5174001667120196,0.8759322381309823,0.061172748824125066,1.5807605901171662
0.47353535555332726,627.6252159505641,0.19336726839024604,7.340705234314508e-08,4.590601804142545,0.309150658865465,0.28661293886404704,54.934693634264924,25.374201437532733,13.986744537549406,2.396718042444468,28.124952428400636,54.93469273991393,3.810975471874709,3.8257834080347473,1.0038856025889755,0.06497364863503755,1.481010860670897
0.49260972114714885,661.1762819417308,0.183904921146133,8.517789116845779e-08,4.843663360693157,0.32469062488533074,0.2918517579733938,56.76518065916162,26.988749880320654,12.983447042180241,2.5924199059545363,29.537932645221748,56.76518064039787,3.950921858680661,4.268128740635618,1.0802868022454086,0.07866640141879025,1.5291699818865874
0.502885818761185,672.2736901286733,0.18580130132317657,9.305769782702788e-08,4.793238498795409,0.3350828908449807,0.2783510280733996,59.694371353428785,25.911238621072858,15.023257298607696,2.8139839089246554,30.839190054508258,59.694371352496624,3.834467971342664,4.712639554275142,1.2290204506845783,0.0942648673184644,1.4997711454582172
0.4831875747247191,686.3446285808009,0.19942806710230723,1.0800999887496001e-07,5.055935106833563,0.33049894986864425,0.2941962850387073,61.294986277095006,25.89353598545408,15.050373952996683,2.7654874236304807,32.81075094125355,61.29498627709217,4.031707382991085,4.483514453192566,1.112063457806377,0.09082671565545956,1.5576104759373899
0.5333856636322444,747.5872848849208,0.20957634255200785,1.1526045856576551e-07,5.360424545621348,0.33050623658575273,0.28412355002968537,64.0701509675491,25.736459118434553,16.076831759652283,2.7696140544106775,35.68596842592866,64.07015096754907,4.2253233178108305,4.8880056091857975,1.1568358777614933,0.10350637568555426,1.6452168164477445
0.4942311803793445,686.25719149204,0.21287650327827617,1.3149221512777326e-07,5.471705257585265,0.3536287801588162,0.2824799818327247,62.86362719587571,26.119031440507147,15.477987812717341,3.1248647766112163,33.26380793834029,62.86362719587571,4.255323959461549,5.158510434010236,1.2122485815775523,0.11467568742683375,1.6590215908791375
0.5067547169419121,730.9199544528889,0.20996158067254925,1.3503308580637042e-07,5.205397321203398,0.35426452620110843,0.289213808158696,65.44097648268263,25.806127953290076,16.619183877115205,2.8490441904129113,32.27133073447498,65.44097648268263,3.9986083783031487,4.802472555241448,1.2010359857444775,0.11133772161137255,1.5507933412589305
0.5174539969194499,747.0433218231241,0.21347178359761165,1.6390184790520072e-07,5.7890647117458665,0.3542868119649388,0.28850093944711935,65.03725916493893,26.81189308792858,16.593731247847845,3.2143075274004125,34.43272810137542,65.03725916493893,4.455157497627725,5.5176887497346065,1.238494655390445,0.1271377190445993,1.7288142217185267
0.5590475019696319,826.1540644172417,0.213526370651259,1.7105131091469354e-07,5.869244928260907,0.3569777699763651,0.2951066556019275,69.83986327619768,27.377956726084378,16.578374216981768,3.259091196728879,38.046794787526,69.83986327619768,4.405967120674823,6.024727140729314,1.3674017476114437,0.15020415112243335,1.7010055124097325
0.5931897875216792,816.9838219963825,0.24278079550374906,1.7713945742451105e-07,6.048713327376197,0.3748334943922837,0.32718637998468914,68.24804130156868,26.49201724882148,17.124005471113186,2.991511327768563,37.31901231559544,68.24804130156868,4.501352545193706,5.902626375936588,1.3113006183528293,0.15099893269304848,1.6958253238123324
0.5399222977625238,797.791100933956,0.2274955566270588,2.2134196421052099e-07,6.199615217422402,0.36765146651781877,0.28457463856970816,74.23093169270213,26.208856469741445,19.71514388549092,3.641567000348507,38.60327220599305,74.23093169270213,4.5076713531984,6.501896050852711,1.4424068529839287,0.17744396616982802,1.75453851331574
0.5206158639166985,858.5128281042013,0.22685657605109766,2.3605795479027232e-07,5.559234094894762,0.37415491027160575,0.301099331194738,73.94881106781585,27.828733333965772,19.04457060079029,3.342144556853889,40.444704640711734,73.94881106781585,4.021087929100237,5.768443332686225,1.43454792195429,0.1596030827865735,1.5452655430265505
0.5810248636504558,837.3240340432142,0.24093103021450338,2.304731309517033e-07,5.690507673916166,0.417954366144435,0.30913416201887334,72.29139749537947,31.11722453608609,18.98673371093969,3.8360461736442137,42.0803576319365,72.29139749537947,3.971148935857091,7.391579875342101,1.8613202362169226,0.2233329287118765,1.5167081614206017
0.6460647606572582,901.2926920440756,0.2341908536680338,2.8130172605267865e-07,6.488546727012475,0.427372631150647,0.29232438971251984,79.05026807927973,30.835550141458324,17.589786923806283,3.494537704790642,38.74394201654607,79.05026807927973,4.296461222674243,7.698317737680873,1.7917810352979782,0.26007935876158916,1.6622998284625734
0.5858778174670034,870.9823887130548,0.2597835790783846,2.957969759991125e-07,6.929984980927944,0.3790479346006254,0.28378427236918535,77.53914619102437,30.26409717163948,19.661683232744082,3.412675559533228,44.149328728712966,77.53914619102437,4.893189407433225,6.637868731357844,1.3565525833261805,0.195093953113565,1.9057677807514308
0.5627736221786803,881.6248087154037,0.25063385188564075,3.0853164976382734e-07,6.362818965767611,0.3923448627608717,0.31228354679271103,82.85834335912479,28.618422532301093,20.608658997739873,3.7946130560110856,43.74521207999025,82.85834335912479,4.294327262404185,7.06334091672834,1.644807320244596,0.22962247021147775,1.6362040326192244
0.6069385635075089,820.5160464585903,0.24367468013299648,3.3434688495105134e-07,7.306633054419125,0.4221716248451185,0.3052594434960357,81.26844984519676,30.338846495624704,20.283597502519502,4.112315908018867,48.525969554814665,81.26844984519676,4.799783257344249,8.34037222069687,1.7376560093489828,0.2861517781618645,1.8386318832095188
0.6019651175789806,852.2855261757946,0.25159372835265753,3.4572665505317763e-07,6.2622005789286534,0.45786159144523986,0.3456568823635664,80.71694965467012,31.809677345948455,21.243909600415435,4.709975675194946,50.643878614154346,80.71694965467012,3.9478671485744905,9.457120056127547,2.395501089630728,0.3495085924653227,1.4668921923247984
0.622523397899531,847.2841191732872,0.23874081919012616,4.3355968876022235e-07,6.637095355197863,0.40472947275519355,0.31202464125404905,78.56948941356063,33.969145316159576,22.266646475522627,4.171805709031379,52.801209623047015,78.56948941356063,4.526539649609564,8.737194012605382,1.9302148415642415,0.277837422656503,1.7250208217442633
0.6371491371100417,863.195141123766,0.2841930873059891,4.841910805352297e-07,6.656313594807856,0.4386425006995772,0.3112590702637889,78.55318684945149,33.2042919249099,23.80972318581703,3.9670401806855096,51.78511028178809,78.55318684945149,4.362763174080633,8.570882110743012,1.9645536025569754,0.29532488202526636,1.6635778821354372
0.6219436317067983,892.0171253136139,0.26061642444593514,4.955723763498908e-07,7.16018629569458,0.4313036223807516,0.33301464785209733,85.49897953093226,31.758833496107552,21.138054517025374,4.231489102983328,53.51925880373641,85.49897953093226,4.519794595218872,8.851443853976798,1.9583730338852192,0.3264060168842283,1.695328180564884
0.6673257737604262,881.2438692715773,0.2744174145373908,5.903630632414039e-07,6.658869101959992,0.4695625186829699,0.32064526930319387,89.5240850219896,31.30877718909662,20.515923753842557,4.086934437287215,52.90239558374116,89.5240850219896,3.8596699865956796,9.445754309904885,2.447295842056244,0.39707263656003994,1.4612818734557464
0.667743915107759,896.3279951481603,0.28641311983609413,5.731281054069147e-07,7.363346033560889,0.43617283821980013,0.32378559982861693,88.57677168040824,31.541257566394304,22.517729604838213,4.769285867398177,52.42257245419517,88.57677168040824,4.51853335264375,11.033473059348912,2.4418261852362635,0.42627582529371094,1.706671138146819
0.6952317674127859,897.301694462199,0.2895121364681522,7.361414164227593e-07,6.582076350972609,0.4526446118353388,0.347500554800855,88.78328115136841,33.98655459485928,22.661670368582026,4.652710083424846,54.75413138316308,88.78328115136841,3.9369193038292245,11.494751091718499,2.9197324620136835,0.4619427097791929,1.4608228879026532
0.7149526390213669,975.5190446977726,0.29136728711789367,7.387778193015007e-07,7.4465666042825385,0.46822092907717333,0.3475381130384873,89.10449919953227,34.26487488588119,26.242695847369326,4.93027078453514,55.46856834757168,89.10449919953227,4.339814977968959,12.80432301108208,2.9504306234443494,0.5342039285010377,1.6102754111285786
0.72473537386989,955.6061195607856,0.26136361645751405,7.868756010569119e-07,7.029692928581811,0.4771775296732824,0.34419423437688157,100.08763146739354,34.742452399035685,23.91874068710357,5.01606093587684,51.22466954895893,100.08763146739354,3.6723419025342547,13.366729999586198,3.6398381072203327,0.6383892601702154,1.366001210471125
0.699987075020286,1025.826403453193,0.2736633379194978,9.62356039071608e-07,8.01087715642127,0.4826232621217303,0.3579156037998029,104.30865328298181,34.90639112482056,24.89704674131827,4.795432350674052,56.29754935874688,104.30865328298181,3.9780588007952855,11.98819350879036,3.0135787601715953,0.603507030366746,1.464766584043823
0.7290617535790486,957.1958087045566,0.3010734935582909,9.761171276617441e-07,8.191591930298557,0.5083415526321737,0.36815694902451324,92.57742210543995,34.5277188632366,23.776545355272116,4.888926684980972,61.131901479134555,92.57742210543995,4.336550907493462,13.179893775183476,3.0392572475994504,0.620258328440611,1.5848148527789132
0.3113548292496803,381.55669351644747,0.08347842368042264,1.0677818929402476e-08,2.04134349032237,0.1640759685941855,0.1922621080089643,28.133017945032876,13.665959813321791,5.374011077872296,0.5163591414088514,0.9972207664544772,7.033272173650424,2.017786571302437,0.6547420317271271,0.3244852756178794,0.0007555663754514314,0.8462009141060725
0.3124770676096217,389.04604208629877,0.09482185019960578,1.1056388812283597e-08,2.1340582231009275,0.16284530918777543,0.20794494066916358,31.67720609925354,14.799175291978356,5.535652157796978,0.6475292963242611,2.352352413249732,10.368923346680461,2.0980239985114353,0.8222354799990488,0.3919094731911701,0.0013883697094581838,0.8684269985638566
0.3415248905233782,413.63950401044013,0.084576860187421,1.1992027041660819e-08,2.251152796277302,0.1732737160445828,0.18867970126518402,35.15028623585406,15.691371304695187,5.692182545984679,0.6490760239069229,3.126162179386139,13.342015878763025,2.199110180600791,0.8557644355064088,0.3891412276908364,0.001978373911372669,0.9250221814422104
0.3378453186581576,438.3357188753386,0.0874407949787612,1.2398663332171474e-08,2.327600994777903,0.18573447021676623,0.2064685598454317,31.425782635773828,16.02513700413436,6.1396115420683275,0.6709370485390003,4.599723836905076,15.280994897513299,2.2615388489678208,0.8803161155656156,0.38925535856587073,0.002498519794240337,0.9372556087402563
0.328812007303672,464.608714312138,0.10701529515891597,1.5383820407806454e-08,2.4563220201554192,0.16869173295766365,0.23955402240183526,35.41066111310721,16.644237115213315,6.624652394580866,0.8759373493190141,5.774344165920078,21.29493773400368,2.3680840567283896,1.1358285627042088,0.4796403064650522,0.004080214171956493,0.9552161559444766
0.33104065763785717,448.6132529877216,0.10228120263624049,1.556388576678643e-08,2.519138510017677,0.1867025663999962,0.21256121464919386,39.38741572908768,14.782081846930446,7.425071289707397,1.0189449020891719,6.29260587760367,24.633455338670867,2.4032800719141933,1.325095939349805,0.5513697528787714,0.006094287601091825,0.9909932970309817
0.34300004300125103,464.67609378458945,0.09941289665273328,1.6891595702232767e-08,2.582839629293448,0.20975403641872778,0.2285834273537529,40.372543343560345,18.078601647711192,7.028465411740521,1.0234563329455015,8.42573260017842,30.030101927742486,2.4201482374773873,1.3519899485901725,0.5586393129370468,0.008516096933111955,0.984934430822556
0.33531914626978665,503.02996187561513,0.11008961563883325,1.89451444478954e-08,2.958708566886213,0.20444263311486038,0.21743216030700308,41.56296925660834,16.89190774321438,8.099117559870962,1.176748643312479,9.282642392894834,33.56172620779189,2.7556983266307,1.5388755159386365,0.5584339552218577,0.01055891383526196,1.131766687490738
0.3712630419368713,466.8090089144884,0.1212739525194849,2.1013424703968378e-08,2.9017167744941026,0.21800759555331062,0.21658389735105066,37.75220614309849,16.843690703771536,8.515749010505086,1.1556469634428315,11.565558947769238,33.740671690048,2.6882745348052737,1.5858218121863399,0.5899032229240715,0.011664865513949482,1.1048455189398088
0.3345925426895182,553.4810298033174,0.12167857454744434,2.318684966010222e-08,3.017522753882693,0.21856217265377217,0.2271228296611867,44.25233200769791,18.780120712781393,8.738651274103365,1.3024134757205095,11.803032181879368,40.56295463604628,2.7500034444841073,1.7015949652450215,0.6187610305209039,0.015085536948900673,1.1205086312522576
0.3875060133451852,477.77519300815345,0.11647867879256432,2.6546689260931828e-08,3.2520374890043007,0.21939161306180963,0.23082479943228462,44.01721756670075,18.566657856031373,8.72821877264895,1.4322563726829478,12.402877341942851,41.74844953421933,2.9541749302957077,2.0102013483755052,0.6804611764051114,0.018411956171203923,1.200079382402075
0.3977526812593331,489.1758260907842,0.13604576198024956,2.8782104383637517e-08,3.3897845677831384,0.23980218267366302,0.2531323289684658,46.853467951086344,17.695882764365592,8.88264970455908,1.463023903316857,14.263481176578736,45.647636289697694,3.018725094393466,2.0833456593903175,0.6901409019521573,0.022805140792991167,1.204471796238141
0.4082595417338244,527.091903885191,0.135127744872418,2.9721806098030813e-08,3.3633081362156823,0.21913577993000308,0.2258066268827689,42.81500983404413,18.92706487586439,10.419404358525309,1.5259920277823393,17.48236043171623,42.39044951752587,3.0508815570239856,2.2060181814537603,0.7230756554199514,0.02049228575416166,1.2444383519048143
0.41613982268115274,564.3515406012648,0.13242891250037894,3.512037108389529e-08,3.4884568801858693,0.24433869060640795,0.27049080951495746,47.01798095116065,21.472986693524742,9.943771331950435,1.6909142400905635,18.127523794569978,46.84636880067792,3.0891548351564677,2.47260228943289,0.8004138417709487,0.02830234641347572,1.2157328537999548
0.40129853951725336,623.2128159427695,0.14791251382468196,3.6227613392294744e-08,3.831732865824597,0.2621569306203341,0.25040769239835164,44.75802568026603,19.961179353609957,10.581686445240265,1.779068443830353,18.411314372813106,44.63310181625521,3.383386517137289,2.546249785425036,0.7525743134956507,0.02979335548997047,1.3529133488645473
0.42620245991767175,544.7032156539705,0.150147988249248,4.219929900642303e-08,3.9441230655214645,0.2710386093285594,0.25617220608399416,51.04356662623829,21.048345396571737,10.198751317585495,1.9178825266940795,19.259163571235046,51.002491002005584,3.398901524813312,2.8463780477140688,0.8374405751194598,0.039347317485575135,1.3528804045940035
0.436459503535533,557.8764710061704,0.14362952993812503,4.7353095290119995e-08,3.951353367501846,0.27329125921528113,0.24933212672325675,51.30070194911665,22.540703485004773,11.233096661793045,1.9788527091579642,19.796898610526423,51.286641124181365,3.3975241429483436,2.982263659417708,0.8777755606556851,0.04179997626872909,1.3597361623363342
0.4292431950104134,598.7619088986066,0.15806280070481044,4.8234214383043495e-08,4.337909413382351,0.259287472327021,0.24968585223939516,51.3956046172898,23.52602165885741,12.056106677815583,2.1675676515166655,19.8746841709848,51.38387270902893,3.7599613061706174,3.231525398464376,0.8594570888697698,0.0430542413284948,1.5043625961808291
0.4529065314515681,648.0048736601556,0.16147795697499012,5.717882796483802e-08,4.095345489060533,0.29820162505972775,0.28442472096453125,52.900108367795205,21.84915789700628,13.244181233322662,2.3231070014026427,22.08071684676808,52.899231636496076,3.4493196108828608,3.5900640546007447,1.0408035379713219,0.05663195668797116,1.342748841011334
0.44554064691710443,623.7394664544125,0.1541938274087983,5.6896986082002264e-08,4.109308323927104,0.274745749069941,0.2577155471168951,55.85056209337886,24.519191887232342,12.118396657692099,2.3553831263596168,23.622074543118526,55.85010172496874,3.47875230150203,3.5989754218720402,1.0345592643425923,0.05522475920357571,1.382964657420549
0.46211956509274466,666.6574448494538,0.16026423753122618,6.676549341168801e-08,4.486006715704537,0.30006803636583357,0.2650013863694083,63.47059325260528,22.424658283545668,12.813782616350844,2.2639289895146573,24.38501900056331,63.470547764899145,3.6316250856656076,3.5491431710769143,0.9772878772882537,0.06759514463343813,1.435423361901792
0.4564044462849178,696.2105431649624,0.18666439416105443,6.991477764746512e-08,4.381175869004747,0.30707123334579606,0.2569884812005729,59.68812418707844,23.810587846003315,12.542887921966164,2.616482774447222,28.6460106560684,59.68812251654574,3.5781718133911675,4.06541462156454,1.1361708809928817,0.07451297383340749,1.4233112979577942
0.46489741405471113,656.4116212592853,0.1813307967579083,8.038254702598646e-08,4.848433859913012,0.338013855416769,0.2649816237957428,56.82136529677396,22.325816231717276,13.468686655754883,2.516233488622537,29.956397389957612,56.82136524901368,3.917223835393145,3.9619323622771367,1.0114133194228112,0.0760944923416639,1.548332308432672
0.4751317244418729,689.2597118211625,0.18311481876863944,9.201180274753151e-08,5.424853114802219,0.3059434907112521,0.26379074223125876,63.66932346990796,25.21924523479943,15.716253739432556,2.6885130691037995,28.178403388115708,63.669323458952256,4.368134309324431,4.302527707463533,0.9849806353891519,0.0838098625594162,1.7281873348796513
0.5105641963120644,732.3427772855295,0.19545758782348543,9.782948692674593e-08,5.202178851918954,0.3402208219893054,0.29236829640806417,63.842439754486335,24.588726053484717,14.904456553738939,2.867206569451385,28.676723716330308,63.84243975273703,4.072238172607504,4.864323733835088,1.1945086528964985,0.1056556766050622,1.57549445615683
0.5133737048256741,692.2351807076258,0.1925212002367816,1.1151112435838468e-07,5.109584253947895,0.32933431471970814,0.2577285196833899,65.52005590495331,26.017523432356356,16.848596702920986,2.752892226338203,31.44284193812229,65.52005590494909,4.007038025066585,4.692752863251953,1.171127609445127,0.10126023400930834,1.5929661935611048
0.5186321739399387,775.0268933139532,0.19579729700794873,1.1674586043806988e-07,5.341230319865307,0.33884665313869605,0.27335087702107935,65.11563711995781,26.98715086334083,14.810934485663815,2.9069542947875338,31.175213010154376,65.11563711995649,4.162729740784498,5.000198092295557,1.201182494098988,0.11032544927659417,1.6345572206000796
0.5515037643240648,674.9692947027968,0.19560105161826746,1.288711137257052e-07,5.721465558776457,0.3417299955244631,0.2748066189339788,72.00686892749582,24.136512527519685,14.25911971842167,3.0451450099059048,32.66900710572756,72.0068689274958,4.31358984990164,5.551806579225185,1.2870501768618032,0.13661278815657238,1.691860469593717
0.5015817041186882,769.1675251854045,0.20822195019878945,1.3503062585790933e-07,5.081060234646472,0.3652680032449025,0.295002873970838,66.8099096001692,28.868770316205847,15.549573227660662,2.8371514916079867,33.51333099299184,66.8099096001692,3.8411025683957223,4.741084139865098,1.2343029261635319,0.11569915242255732,1.4830478934065359
0.5355113140508677,764.2893465560608,0.20766864143273445,1.5532871513092546e-07,5.2036543638981625,0.3829243679298796,0.28758934778137263,72.29441583161038,27.29661615355784,17.221246332450892,3.253381559628563,36.72241537309232,72.29441583161038,3.763111454281822,5.763413227952163,1.5315552829014183,0.15955025987729107,1.4613010975766407
0.5624088751923096,818.3429950336524,0.2168034721482239,1.7362769794633659e-07,5.648013752028725,0.3905164207099725,0.28196692865362494,76.08083293934182,27.190192995805923,16.01121942725536,3.2759516879370114,35.858333709237954,76.08083293934182,3.969942859608314,6.093760735184943,1.534974419200122,0.18105059520110486,1.548379591889205
0.5763075920179535,754.1528203986211,0.21429386727272778,1.6680366575119958e-07,5.6648418421767985,0.3264136696483194,0.2715434736741136,73.82657660883967,28.73955021935906,18.028592643820403,3.1851182780885807,38.23510007465853,73.82657660883967,4.299728040438532,6.08204020058617,1.4145174167726802,0.14656502779531672,1.690751488037804
0.5611233981377646,745.9749490401321,0.24048698508915095,2.1123607101508237e-07,5.852979989376936,0.3790803390952536,0.3010636622408513,65.05289920111609,27.71441948881039,17.445350959716276,3.2665581921762317,38.97500891089786,65.05289920111609,4.409619023134108,6.061792590154679,1.374674900111053,0.1494854728013629,1.694620774950905
0.6205667898970425,829.8461313611431,0.22164716213696764,2.2866389579716857e-07,6.463478784928016,0.4035465067418891,0.30191790607788016,71.38910566183097,29.463287267847917,18.832759463068044,3.6886412521069367,42.028370322609405,71.38910566183097,4.601426543975323,7.693754154650253,1.6720367218995889,0.2216480109505791,1.7671723088276148
0.6078595324934052,794.4801954465073,0.24797784933492986,2.4661805308546827e-07,6.802784472992684,0.37931952500181204,0.33047536802771654,75.84521600320669,27.93698318865873,18.420822044387503,3.5644268906076615,42.82822553046524,75.84521600320669,4.845652543105761,7.242702289179049,1.4946804841555827,0.20836943997112392,1.8210230191216947
0.6010258964353252,804.8038569796875,0.23685408126319116,2.970048779449749e-07,6.828656424888795,0.40872647339348067,0.30772648198615454,76.88726256995906,30.184079888640966,18.299450026415823,3.6664872144785217,39.543482926349775,76.88726256995906,4.682692438835536,7.348051107833271,1.56919362179177,0.2309188230296085,1.7903944377281158
0.6057320335385854,868.0249721589316,0.2357949717207912,3.178982721079205e-07,6.015417940629861,0.3773323685100144,0.3136853751450118,81.825963809135,32.19399468476653,19.242017026868847,4.011402015749935,44.26155213854588,81.825963809135,4.158122477524174,8.115844618595343,1.9518050905099056,0.2505814481746471,1.5826173283938618
0.5968443822976998,890.7520259050438,0.2541500141976182,2.982282408864279e-07,7.012747869298252,0.44287332090734005,0.3034669515630905,80.64667213476525,30.84560665792555,20.364044550343415,3.7907058322607394,44.021363921185994,80.64667213476525,4.508056641626466,7.533863677347569,1.6711998708670661,0.26908143020142317,1.7292562102247768
0.6094244217115875,916.0446024659153,0.2574238876514485,3.490576177559715e-07,6.909769162929959,0.3614057090652948,0.3344957840364976,73.41380378736152,29.957296727145224,19.36197117949054,3.731520174996493,49.46883078559611,73.41380378736152,5.076457613133787,7.606412426838559,1.4983701247025651,0.20181461096340272,1.9020133573516593
0.6039067893880099,892.7547621575723,0.2545035640449083,4.000128430028792e-07,6.801535579420412,0.4010787380531021,0.33529752624933445,79.71684171881525,28.512018799520895,20.470593836744836,4.3879101613539415,49.9979807081293,79.71684171881525,4.626898953839149,8.844930886961608,1.9116326021389696,0.2827965895778015,1.7325348332051007
0.6156085504833456,874.2575143793026,0.25541714504950497,4.737597551143685e-07,7.029687941688025,0.4450830501709483,0.33905967201398274,84.05293048697746,30.920786026699204,21.117157558883875,4.158528104540636,49.07176697168142,84.05293048697746,4.399844096581411,8.585056793818689,1.9512184080542996,0.32117156488874454,1.6428857460713175
0.657784978374602,904.3836817884517,0.2737554720399689,4.695837969031026e-07,7.048010719866056,0.398611270556789,0.3404239045015353,85.84972433452877,33.31827114370588,18.58723267573849,4.71068399316242,50.015808977258196,85.84972433452877,4.636134392387664,10.652473938691433,2.2977060277161816,0.36453477077427954,1.7293538174073773
0.6784773048237058,866.7471576171185,0.2768001067251259,4.90666771742291e-07,6.920082514037212,0.4930657054620026,0.32543878913031643,86.64614088505594,33.541180281464065,22.6916478045411,4.389912690049137,52.51250658493076,86.64614088505594,3.9636682139830484,10.414415974003811,2.627469155279895,0.4449271847525228,1.4952286919955768
0.729254037927654,923.8613332802809,0.27580684208678186,5.988770166822415e-07,7.666905338911268,0.48427497841280864,0.34222384296732067,82.0664122930658,35.20951356532679,21.258457490524847,4.516300542267459,50.78514556311219,82.0664122930658,4.619869380900663,12.18165807396215,2.636797075762191,0.48413210465989387,1.720975754195846
0.6570697259235165,954.2072151775102,0.2820106715613507,6.382413804408896e-07,7.983840285101255,0.47481418914228884,0.33060799100125854,92.62703820274346,34.91938248940132,21.549940008133557,4.676450526062851,55.872042758584,92.62703820274346,4.472496866898086,10.55798350160942,2.360646371773077,0.46434678743581237,1.6806215268302325
0.6574180341225798,1016.4366709186954,0.27992472631348003,6.909601913410983e-07,7.4452138455750365,0.47179579183584885,0.3192414768488616,83.23569017448783,36.0275671207886,22.37778495528114,4.403014221095325,49.242074625322,83.23569017448783,4.521459877866115,9.94847183248042,2.2002786934328746,0.39067895961299315,1.713658930988915
0.653928945052528,899.5409813787409,0.3100549927023618,7.923978640701546e-07,7.370032419289318,0.5324689996278816,0.35754641187016284,89.54209390770565,29.554575042739017,26.498926629661444,4.3962387489226815,51.74873802261031,89.54209390770565,3.8561196806406604,9.855467419737353,2.555799154579132,0.4698928110670556,1.420253350796475
0.7186286831350234,1094.5103724724665,0.31116299019587745,8.520067336985958e-07,7.985721071257967,0.5064400921418074,0.3569264762631704,93.64529713618514,34.36177229501979,24.107986881060274,4.634759547987208,56.78360707457343,93.64529713618514,4.198434325041894,12.152879209917435,2.8946217253966857,0.5763592035006398,1.547038250961073
0.6332742489783432,982.898328635851,0.2809032660902599,8.600684107559015e-07,7.94840728810739,0.5271600563420634,0.3628687574510605,86.31775737690776,32.88018398827886,25.748601307679387,4.667052838626568,58.13554274985569,86.31775737690776,4.331621753711965,9.99956147354297,2.3085029215613964,0.45501278403185136,1.589155863332464
0.7192518234658593,951.5827772568182,0.30158063259218937,9.332987252540897e-07,7.759452942419514,0.5079945483535634,0.3221226096631958,97.0922550053119,34.96563385187831,25.690612443021436,5.055978533516165,64.09242128992153,97.0922550053119,3.9323094725466654,13.279061713543907,3.3769116612645553,0.6549543466550286,1.4871198192232724
0.3018783675397186,391.4118891774949,0.08048919001212913,1.0271649014518194e-08,2.0048860070325705,0.15030443768402912,0.19298008312193246,29.00564862367358,13.94804604615023,5.437394185796735,0.4689034191152179,0.9653547401102046,6.970986181418041,1.9838794097469368,0.5875087205314572,0.2961413469210811,0.0006155741049970647,0.8314805241992326
0.2970939288672501,430.69129838191606,0.08324378401211327,1.1670759420586036e-08,2.0509765051822835,0.15933495413175844,0.19457989471435247,34.68653460319607,14.493227748604813,5.491941314500165,0.6105913566806437,2.2496839821681243,11.025114801536613,2.014947284746279,0.7604766966317913,0.37741766367230306,0.0013359188888883162,0.8433706668184351
0.3133959604973423,421.7344178015763,0.08917450818145808,1.1979225939531034e-08,2.353088472293306,0.1824435817987861,0.2003768703790009,30.41664819660559,15.746511645436506,6.5665481237055925,0.6562009203806265,3.687482149499142,13.063948277316385,2.29700417298006,0.8342201252812272,0.3631774530905343,0.0019883082064401955,0.9567845856005269
0.3517096356569545,424.6461343137234,0.09612851275782505,1.4336505611386109e-08,2.32247059392393,0.16968359691340834,0.20309976595104737,32.25554086060855,15.697779950686249,5.843569610854605,0.7768318079529087,4.434679642633416,16.5196434762315,2.2573691298214533,1.0381422038421153,0.4598903166201388,0.0029100294140864016,0.9381471070427018
0.33654154118590734,414.05132222808186,0.0995798215455402,1.517043909210862e-08,2.2415961751084517,0.18191121937363905,0.22527322196094107,33.170735752718585,18.023618872727273,6.771613446983637,0.8367724450308853,5.80010797231383,19.999326644005926,2.1600446221507927,1.0960287824051016,0.5074102503094438,0.003987464391845843,0.881454268091256
0.35033067289705383,462.9772671897148,0.10520872967559262,1.526211335816104e-08,2.634365495384304,0.17258693681445375,0.21410873984976656,34.97702630976602,16.414114793813823,7.475971576987347,1.0115220159876843,7.234228075093948,23.429257087644423,2.527842721282725,1.3492909199001817,0.5337717052331086,0.005455970787260538,1.0410281378896586
0.32991984869806007,465.9789020072251,0.11342513464070503,1.769964073926981e-08,3.0518266922015784,0.19664985059416,0.22046420974126874,37.37249324141158,17.56548721794781,7.392192356858267,1.088232241683125,8.617909218028794,28.706416165036206,2.8795476436492664,1.4131415279867943,0.49075122306221414,0.007977342833177003,1.1796936037393975
0.343107331062358,453.384342556454,0.10119828434985306,1.9797366139413715e-08,2.699519056260875,0.17847109407047515,0.2257306916930214,44.1826776235287,17.85172240041081,8.186549947106002,1.1475331062027179,9.381952020638462,36.309521953832686,2.5245848194541143,1.516110742376948,0.6005386433024553,0.009824700996910195,1.0298285082374297
0.38209333576069493,490.73193992020094,0.11746815137135552,2.1550661503048632e-08,2.8800599936409337,0.21741758147734255,0.22252596191464338,39.07761952307065,18.75528194897501,7.894000476912888,1.2364336326743186,10.627805104845276,34.36724312380884,2.664860675888113,1.7222762989454143,0.646291310659772,0.012868922360410878,1.0898994209147819
0.393746825361957,522.313730430611,0.12025749075857516,2.4252196139853802e-08,3.3176648443373793,0.22026225328234136,0.22766880786862623,39.18793524746982,17.679001018659218,8.54110153127476,1.2861037825098434,11.726078208437185,36.258521236279066,3.052703403698121,1.8210237188228933,0.5965282171261249,0.01454339394170906,1.2432927285160742
0.3827136261179346,536.2858515423799,0.1244577015084473,2.6218091362917966e-08,3.2348846505510194,0.19955733444393928,0.2197811327039266,42.95360651211242,17.927485117799556,9.354049270253379,1.526925696783558,13.835498799218964,41.3011091073953,2.9682674230698503,2.1287532460983454,0.7171703026328874,0.017545054917788263,1.2167213213447563
0.38563596037268677,574.5479844749681,0.1303495425292463,2.7643783088684333e-08,3.244287717529884,0.22511463215442137,0.2291381381915336,44.97179535294943,19.64627362439043,9.491241223848304,1.543197372001255,15.092929693674353,43.88487942661535,2.923780365353708,2.1602394387129955,0.7388514760928897,0.021341282982620467,1.1893619905308408
0.4168533731031692,506.3313616791251,0.1167819156684114,3.23314200022212e-08,3.2322761441524266,0.2330652649062648,0.22288437642623615,41.78116736269893,20.436659346938438,10.273663523211004,1.5558611566764822,13.447531617190107,40.92174447109418,2.923999836269653,2.277492262157432,0.7788961661034102,0.02172143945930042,1.1955340556458682
0.39503034232630163,570.1381936204385,0.12813569343235856,3.4243308154897104e-08,3.589087210760768,0.24989139678087036,0.24122966258047582,44.946270818223674,21.52100882056752,10.224431189409572,1.6915650236945672,15.875972801424767,44.58189323777378,3.18924022780055,2.3994862832486947,0.7523692515641863,0.026731792644516205,1.2847099630096754
0.40510343908246155,546.1484938849457,0.14162181385768982,4.046621409394359e-08,3.4595040734556055,0.22983048252654073,0.2607213539767081,48.06307106977404,20.02131752067366,11.271377511105042,1.7316414696663516,19.487508672809764,48.015745977002446,3.077731121830363,2.4919413435863023,0.8096683059514034,0.027499774008580103,1.2206230631861037
0.43676843422114575,569.4344221704417,0.16324057683650706,3.970897504294679e-08,3.9790958468752544,0.2609909046052263,0.26192447197679136,53.79377028162975,21.156249279880683,10.70345638842993,1.9207320787248967,18.41532024964442,53.70577107904394,3.42135721196467,2.8960203009477077,0.8464536502707666,0.04059269923322739,1.3556109291569367
0.4739617050232772,599.9865629261387,0.14906327312065093,4.539971265030343e-08,3.6925076528890193,0.25144652877682355,0.2639235200784918,49.54203608141,20.403580523745465,11.840008984875425,2.086143317270387,20.993796568867765,49.53022192973098,3.232635277131034,3.332293461932634,1.0308287747481513,0.041501057143721515,1.2788096849919692
0.46062757678043365,585.1505166945204,0.14521319417628312,5.312671389707516e-08,4.015779624726095,0.2680244090623958,0.26877877311411824,54.01254313694562,22.438856484681356,13.231149358946055,1.9949027129914345,22.465395729328023,54.01091427395802,3.4344455925982134,3.1200950190283177,0.9084712320825894,0.045167254867915396,1.3534454017419584
0.44821284432167974,628.740005385146,0.17310646040829666,5.566519214192857e-08,4.317233665596147,0.2935099236268151,0.2504470315109326,51.61682293696431,21.179524420966292,11.133014554517876,2.374418216539494,21.422791332329805,51.615260129333315,3.6631904202167656,3.642934960981883,0.9944705415467635,0.05518897491172959,1.4647523357268806
0.4500673920347319,623.8967221463708,0.16784693291046296,6.2068607896403e-08,4.512673856665578,0.27738460802044373,0.2560060309393897,55.984059965378414,22.472152443168717,13.780194882665812,2.300007392530824,24.754905111916617,55.98397246509769,3.811896570176747,3.538839818687378,0.9283672191880306,0.05495497002947156,1.5174674628456046
0.4786198008150513,682.7365039760574,0.17133275445756616,6.126489747318672e-08,4.537889768859261,0.28331941691233387,0.2543201086465338,58.187988093828174,24.59739927150732,13.177265476525266,2.372817734635287,27.216349149955825,58.18795863634306,3.789783312438804,3.818624632306697,1.007610282037295,0.0629529999093161,1.510692241284462
0.4771034678022305,742.6267308944987,0.17921372691193202,6.563258864352304e-08,4.74362094196675,0.30571737577324165,0.2813288756789506,59.804560337602375,23.40824830459055,12.740654768232215,2.40319003304384,25.167887403039206,59.80452561323556,3.876331318258596,3.858088637232657,0.995293828228766,0.07053852496550658,1.5126215415244606
0.46567112135672345,689.0871139438734,0.19370241169195745,8.062057719352479e-08,4.413211118093783,0.3139706838333807,0.28334272701536534,57.379213854565094,23.818907988938083,13.989858585091328,2.421494957484024,28.38085075957926,57.37921371855086,3.618153880880262,3.8174124480398834,1.0550718885154613,0.06877217774149995,1.4096600248379878
0.48480544821252447,695.9310037005048,0.17513297984013992,8.495144982827112e-08,4.9902877555585246,0.30842690760998653,0.29375741941718636,59.30110072413541,24.661732905381125,15.058649527010743,2.4269889654944614,26.1676559289337,59.30110047667256,4.0775613785178235,3.9450755187001176,0.9675085553547538,0.0721556483656545,1.5758600945278787
0.45808831791423127,737.6814893025758,0.1825743929161117,1.0761337946528877e-07,4.7994408991070525,0.3243945745156666,0.29455538098409134,68.03924637869606,27.351762087360434,15.689862772632683,2.8425390659898153,30.78372651079565,68.03924637867266,3.7401293071993487,4.428240122930199,1.1839804881628853,0.0977381781041101,1.4445613382550648
0.5236995087564448,686.6622185867681,0.18438016991649167,1.047936293498032e-07,5.018157360830426,0.32112553918962333,0.2861592346051413,66.18027512298544,25.31549235160248,16.327306031006295,2.636314889146643,30.800880595977258,66.1802751229381,3.951689699824532,4.57454909236315,1.1576184973648804,0.09721912486781464,1.5362365691203566
0.4938854691355811,651.3243990602328,0.19592138590660851,1.1443864232748496e-07,5.575934933452553,0.3463029104193124,0.2652741229660101,70.46829847920004,27.175915599881957,16.066637493013765,2.8550535714415806,30.75633437578238,70.46829847919598,4.215218518416714,4.710419278960043,1.1174792619599072,0.11495013681254516,1.6657333149814013
0.5107231910308042,770.3848985565406,0.22018573569032165,1.3624541982359583e-07,5.176427704424049,0.323663701143617,0.28464415767318385,59.996717393938575,26.440855954679183,15.902175479342395,2.910161908905344,30.838262819946856,59.99671739393857,4.171229652210207,4.938531204029568,1.1839509247381743,0.0959001502685942,1.6234961359904367
0.5421451456736281,723.0711116697005,0.19368085540412272,1.1899457241724828e-07,5.421103097200541,0.3810144029417205,0.3094465602078267,65.6083197100318,25.632791205950507,16.813635996061628,2.9181050932675126,35.23811022611522,65.60831971003178,4.06595120799066,5.230939680163258,1.2865229838181753,0.1307615380636606,1.5525456828667141
0.5572937870627728,801.4250298813463,0.20915144184924128,1.5108734035896293e-07,5.307335445308383,0.34237713653500246,0.28550543232611575,69.72705232180436,28.062616105608903,16.160589148661956,3.3993538042742104,35.43145149200518,69.72705232180436,4.040317987039535,6.263709025692324,1.5503010024916222,0.14953320307055123,1.5714900479761489
0.5443158094294864,738.6784090449406,0.18867040047135575,1.750952758723724e-07,5.8824924524405064,0.3591615337810611,0.2928142523023629,71.59644094341634,25.11632783781272,16.788724987390186,3.3843726697955936,34.79433422372973,71.59644094341634,4.369827898584134,6.090460601948929,1.3937529676906262,0.15661429136903887,1.6900447573199093
0.5611789999609343,726.7128316973326,0.22429536531768984,1.8387872641165922e-07,5.327859759472281,0.3930594451542046,0.2840664813421104,68.24109209898458,27.9303788390285,18.666909497199835,3.176944103762799,38.444729344912744,68.24109209898458,3.898778283044855,5.8961029795283855,1.5122950194858646,0.15815002517985116,1.518137238100725
0.5732576058766232,819.2780587365409,0.22564673412840647,1.9864539609453584e-07,5.673468200012113,0.38020200921480635,0.28198650043368384,61.86653651387157,28.6737446231804,18.877532994246206,3.032495800623674,37.534848596915154,61.86653651387157,4.338967407342593,5.757075630243243,1.326830807832496,0.13541667497143253,1.6922827993410077
0.5870146978388214,886.8013484761642,0.2284004833181745,2.142079083645141e-07,5.985574136156089,0.4122297595121435,0.2912979881203195,70.82747030199931,27.782217129138843,17.589017968903946,3.5522673108847957,44.04373286031148,70.82747030199931,4.237954620216328,6.9246960798278065,1.6339712668925022,0.20218167440208684,1.64096694148239
0.5868807586012077,806.0263876683147,0.22925852197383956,2.2511833469612657e-07,6.43540729867188,0.39132819791581996,0.3013376013137752,87.09248556088683,29.308913638099433,18.16795232516526,3.545226047626037,44.34699584938707,87.09248556088683,4.242108165976821,6.909166060429831,1.6287104878286083,0.23547643878133862,1.629903017362354
0.5890314905943201,768.9856266125662,0.2480422859385345,2.5930744288339035e-07,6.874465015382657,0.421600961314293,0.30027327088809774,81.32388395377346,29.385074140415124,20.10803175815357,3.8043075232118313,41.31714492994826,81.32388395377346,4.517470290301768,7.4452876315934144,1.6481099272699518,0.2552708266768139,1.7371234153018837
0.5747680611015937,884.1167200860652,0.23758802047740665,2.8875730580103225e-07,6.1021341939635745,0.41576612383529543,0.3421942640535671,73.60479550682777,29.729836030060063,21.08448248568968,3.7909662046251777,45.35000399311293,73.60479550682777,4.234735867868366,7.217699313138021,1.7044036601912518,0.22087878088531154,1.5775420821271509
0.570060602979252,871.3298333298773,0.24381942873882154,3.3970204933024086e-07,6.918330139286449,0.4679266754418141,0.3223442542947228,80.36985788444478,30.394609025333235,19.74707265467497,3.963928993980799,44.87822862507111,80.36985788444478,4.316539859084016,7.479966608003679,1.732861702241052,0.2813006032543853,1.6321543520398394
0.61534386039843,922.3123831732422,0.23799965030445505,3.759178088930199e-07,7.091203583625302,0.4189406988955451,0.2827665806789457,77.96447078657953,32.488782497049854,20.486752650397577,3.790445319986066,45.57506189333281,77.96447078657953,4.775039930728605,7.820896116372623,1.6378703068100338,0.2554499402562967,1.8612271330771888
0.6443579457174367,901.5403504414891,0.2520544375105906,3.835281889834344e-07,6.642792137262704,0.40880549604646066,0.34518431585734366,80.41745563347816,32.799995060255746,22.509539748184196,4.285369571050604,46.92417578072713,80.41745563347816,4.458967722760792,9.40512301437624,2.1092601694261677,0.30919433930461976,1.657381694908813
0.6391780752789121,888.7194607768939,0.24786215544031912,4.361540695819364e-07,6.491310765906109,0.4615887295343412,0.31495821092110754,83.89665285653312,31.770251921248295,21.050453369876774,4.295896818777238,47.9958745828534,83.89665285653312,3.9775020256514546,9.322249199356838,2.343744676743438,0.361011086378084,1.512406247064413
0.6623442305621635,841.3343858500956,0.26575035893809235,5.17195591939699e-07,6.669271453403757,0.42784993279552114,0.333874316532714,85.14548027379615,32.291050820786104,22.26631050368088,4.400670190744296,53.161978785661184,85.14548027379615,4.239690008732535,10.055094661260615,2.37165798455784,0.36630195043183367,1.5892389396001068
0.6560298854012736,903.2567929317237,0.27760313255900804,5.671494197997141e-07,7.095487947720509,0.4280730906449105,0.3467591824240003,85.19836644019885,28.651066801048866,23.08107399970225,4.240517788060039,51.33798203634427,85.19836644019885,4.50768345324789,9.551358635688231,2.1189062485756973,0.34834882375770154,1.6735298753020624
0.661826706678726,935.3558014918058,0.2827474135850207,5.565973073718002e-07,7.451699657296618,0.45121036165522466,0.34388333705553253,89.71892073399557,31.028546194121297,23.77552065140144,4.329755070372589,54.90779333301535,89.71892073399557,4.435094653174906,9.881376013480493,2.227996646341429,0.4000189178409205,1.6501040421009538
0.6712891634927176,1025.0576011556893,0.2744498598364722,6.141380786648619e-07,7.38058173741698,0.45724761218420434,0.3480806603998466,81.22589292394855,31.22275805416188,21.733389503289192,4.756574937973593,58.59650241885632,81.22589292394855,4.639408173808911,11.095065794756962,2.3914830036711376,0.41207457792783553,1.7207457647351911
0.6638617454630864,942.9927629585159,0.2830286947900246,7.265389647303734e-07,7.1619735169570085,0.4770472688787485,0.35422400078867267,91.94113150702614,33.68363871748872,24.536936506111612,4.006496193356299,57.05405598368528,91.94113150702614,4.02071290427008,9.186298499796468,2.284743705535511,0.40291349284486455,1.4845080658474883
0.6534184641719206,875.0960482330358,0.2938543719360517,8.061203629965467e-07,7.580198219927799,0.5013723552366417,0.3682908641922555,97.00461067651514,36.5450421388874,24.6577331909171,4.7423090687813465,51.871192307885835,97.00461067651514,3.893536211437024,10.619133771368002,2.7273751147285976,0.5164661385115688,1.4227735905170642
0.6752621496404558,934.3804211672307,0.32260983995052933,8.213554474886977e-07,7.802875333242963,0.49910750198955417,0.3446272461442611,100.17357750811139,33.1194513460151,24.418989626996055,4.6375274916074085,53.790710687076704,100.17357750811139,3.901641787075604,10.918564210092656,2.7984537807291745,0.5458996479275091,1.4508265388283708
0.6706745181819497,985.9259377784254,0.2891670446826429,8.78782700172409e-07,7.323634141859869,0.4908091841030786,0.3208364833076255,97.23332334013803,34.73442385839182,22.799643309331387,4.832280833642355,56.58473203621789,97.23332334013803,3.828575627403725,11.255518338159796,2.939870968617253,0.5371471927789723,1.4492996202740571
0.7111711078646713,1067.0225223011573,0.27187241295531384,1.0057513039573709e-06,7.935946881773344,0.5167835019112617,0.3537309409941595,91.42814567424061,34.44165561258342,24.004967678995637,5.2690017846496495,60.06393494601583,91.42814567424061,4.186326472454801,13.55095233719365,3.2369554611557967,0.6402629479028225,1.546218065083312
0.3285178602862951,398.7867837237076,0.07716637293235815,9.243142803693586e-09,1.8196860323744055,0.13811898042745882,0.20267126651011486,30.7630875348449,13.8141069734759,5.2237595785190285,0.487923473707914,1.0073396505992775,6.99138633714314,1.8021143588028592,0.6324494743183312,0.3509485794999525,0.0006107205042793409,0.7492131927422674
0.3330046239659764,430.73076957192217,0.08335539093639781,1.0495905757356502e-08,1.8940930594507677,0.15149236677738098,0.2009176062486372,29.780285128390748,15.307041826372766,5.4289446418204825,0.5851828331913936,2.132448695174557,9.357155361208452,1.8672435779272805,0.7629548384206102,0.4085995246895011,0.001081517179698095,0.777423683444894
0.31899402797498394,433.8697607255548,0.08412842859423386,1.2919277812552056e-08,2.23383194433544,0.16444055047418982,0.2134213935458074,33.033822255124086,16.57008254212527,5.899826925594408,0.6627381101525972,3.4697664170504274,14.002093749004729,2.182397695670665,0.8485698367122977,0.38882456593298714,0.0019538422351584777,0.8992744430248412
0.30593342173836885,439.10528337103835,0.09331408841106976,1.3119162214372531e-08,2.3521322945643712,0.15529843675287738,0.20344445887311752,34.137333428979545,16.354169215957075,5.904652124507738,0.824588671380468,4.412494371738289,16.467374087760913,2.2919798640189324,1.038437700256389,0.45307453026027594,0.002655656392490734,0.9522582646502435
0.34877770649855694,458.5696693481399,0.09479398868647933,1.5856220432784063e-08,2.341200312781336,0.18677816226437502,0.22286332255882346,34.12227248805858,17.79067267301268,6.549729472199327,0.879866815555504,5.892032371479385,21.130605988968604,2.248799322960473,1.1712469440362978,0.5208321312078609,0.0046226021909695015,0.919481057889157
0.33852759593616516,479.9227214014399,0.10651358507874704,1.4599885134113028e-08,2.7826077051922486,0.17027686011109733,0.2264217984242903,38.696362980209706,16.111268398745214,6.8961929292404776,0.9061549801848582,6.944966495490484,24.66449612455907,2.665743942787783,1.1900037024964787,0.4464058544392662,0.004997769167730206,1.0867973588747106
0.34360470789839165,491.9266574986211,0.11394491615272118,1.8801570811748516e-08,2.657826004529089,0.19083964621746347,0.19998695035024067,36.4296751799154,18.29076341459013,8.050701765913372,0.9861541154063101,7.980853983225902,27.83366530829926,2.5166484841457524,1.303754962126123,0.5180520721663947,0.006925242375790841,1.0486149384421293
0.35667132576859056,492.5181995713333,0.10691792324615083,1.9716344136559833e-08,2.789451521847012,0.1998554772912172,0.22747671846004097,39.2983294585572,17.467512597744136,7.814081862743424,1.137807830902552,9.254137657341284,32.20849792528853,2.6098932797842314,1.5306927747392876,0.5864963087172036,0.009853137852289952,1.063113149330658
0.3605791331410805,537.7622356737909,0.1191694106778635,2.0896159257758484e-08,3.083423819447518,0.2036854409989556,0.23765752144229904,41.36284485966756,18.16731079705736,8.450331994850165,1.1377163191835262,10.03362668234489,35.42082991623192,2.860963814143045,1.5386586586561681,0.5378112966860604,0.011100971952268168,1.15579785383966
0.351174665696834,513.8505891521354,0.13083861071118577,2.589892901286609e-08,3.201003844305097,0.2196519050886906,0.20705939414713975,40.80082177708835,17.937936598983633,8.404224255860486,1.315378216114274,11.557334147893537,38.104674592244194,2.9330873651590754,1.7565888276714419,0.5988873187131177,0.014702234577263905,1.2149722620863568
0.3438643811693599,541.9862270985805,0.11819878845150243,2.5901661134019366e-08,3.558882716143363,0.2112496705931503,0.20143648060506783,42.646603111851185,20.132038019105778,9.970882262375676,1.3311696971281193,13.364684493518507,40.755131271398604,3.2524804219911467,1.7604906632844073,0.5412763290998218,0.015156958548171775,1.353579849828237
0.3807271125260214,531.861380731869,0.14649503757151836,2.6004684518059537e-08,3.3894013311072553,0.23391649339160495,0.24635944226587297,44.81029917381011,19.789988025741245,9.303962669539661,1.5305259118899368,14.00046101194164,43.09687221874614,3.0477134365864442,2.1278793327870393,0.698188782200713,0.0214512988574543,1.222646266090672
0.41032719576754384,536.8310642796231,0.13640181488163095,3.08432418374419e-08,3.6647230026849678,0.23510857397199283,0.2157477789477553,48.81563609857804,18.996847965978517,9.574411556893185,1.554327131038353,16.510662894418683,48.27761813080722,3.2487592796195015,2.253716721175021,0.6937161319748439,0.02558077097199491,1.3361156548570225
0.3627551868794122,646.9125610431468,0.14567353588313042,3.4310967290831967e-08,3.5819782202974833,0.24632458519470013,0.2460440699320992,48.76905518517794,20.87023106497289,10.352283922483572,1.6771641950147878,16.52710306177422,48.44293165637793,3.1545520408576353,2.2749080972380633,0.7211509170790471,0.027145761832646907,1.265826834290675
0.4102483284784087,603.8220027676305,0.14709683373057758,3.179565009821938e-08,3.836095858498384,0.2524342024339847,0.24262996510029983,47.62788375678413,21.87854531712837,11.221889176137246,1.7167073510871778,18.220582399218337,47.34222235546483,3.37765186264697,2.488877406125198,0.7368661742938585,0.029744066502420025,1.359073882615707
0.4019252097908116,543.411143354119,0.14272969554944942,4.271486463368364e-08,4.019579090337453,0.26373966968696516,0.254834085950529,51.185771338771495,20.444965866269637,11.362650802905407,1.9526915064499457,19.78011030821008,51.15457033875867,3.4772780000585755,2.7972525778574426,0.8044374300272576,0.037739103738599185,1.3855528945982365
0.456210277691954,617.0229309574195,0.15450487210623404,4.739132608606847e-08,3.9539335466384515,0.25263237068020516,0.24694957453049599,49.31662689952634,20.803762163165334,11.447292807189523,1.8913586506362283,19.95325938884534,49.30408553274421,3.461439175132997,2.9378515765295723,0.8487370217668762,0.03659331520605203,1.3879627716446774
0.3972319231229526,614.6491351833812,0.15633595300130063,4.7398224710470647e-08,4.216172585394369,0.2841527375820747,0.23178228130106449,50.54692213795102,21.09507344283536,11.377710903929913,2.1467111826888847,21.261321328582664,50.53938721991293,3.610692035893085,3.054650962844549,0.8460015233863604,0.04386755300114791,1.4656372683325611
0.44102767854622205,558.2475348184028,0.1659256062020905,5.0922988587680116e-08,4.216679716158024,0.28243489306441766,0.2724573800489624,50.35174912890361,18.973096111608363,12.460437729159167,2.3468917649483623,24.07802999807726,50.35061202807319,3.617035403729768,3.5614420948224597,0.9846301452150614,0.050646447915391725,1.4212795887869303
0.4598728622047185,617.1013043320474,0.17197723778853286,5.6733301757776535e-08,4.429579435819917,0.29293528798809465,0.2718486278876131,62.82130653597394,23.201575309596247,12.430507891768178,2.242027373121307,21.76549101150993,62.8199618006241,3.6144400952675135,3.502471994615432,0.9690220068113221,0.06445313270390926,1.4209395741027224
0.4471734815553861,631.7006887302306,0.16534651482569815,6.601191582318496e-08,4.266033117082327,0.30927223477153687,0.2612271943172989,56.504324602495956,22.783509690569222,13.265406113356166,2.433136480922902,23.994180576419698,56.50426591277869,3.5205352725096493,3.7270797251311882,1.0586684798287227,0.06513146582265991,1.3956784663271202
0.45591582561465466,647.1632876259096,0.16255741052401912,6.902052657943939e-08,4.462578086046935,0.3131158377106909,0.2677552747046683,58.41717081502754,24.574272598269395,13.47821200072898,2.4759850174913653,26.150051410431576,58.41716179551354,3.6463128201680903,3.844194774470616,1.0542690559098558,0.07031546808075996,1.438098067080621
0.48595511756213394,649.883179622796,0.15697547111581475,7.852962367979231e-08,5.02778782786019,0.32136687939156733,0.28025174188586155,62.841611319630644,24.085890478958866,14.117511489360036,2.442571419299855,27.05535700299139,62.84161070315171,4.0124154006420145,3.977838573627415,0.9913825405492495,0.08033329459936925,1.567041570563133
0.502772378040337,722.6630002055495,0.18198752290243328,8.489616489081416e-08,4.81645367172465,0.3237332489117432,0.2508866568226843,53.563085177498046,23.716437209038325,13.509589530337264,2.545875566021576,28.48185803239044,53.56308513645567,3.981273304606146,4.262822870897833,1.0707184723957401,0.07391799471005359,1.5913805151294773
0.4846796567966742,744.2692818081688,0.19082250187177685,9.68429537713187e-08,5.0924225804678604,0.3031258963213805,0.2876776509708486,61.60248388958934,25.627177499947013,14.002962761271313,2.494007105615175,31.120620764292518,61.60248388931131,4.141498819993388,4.05318487055296,0.9786758482185034,0.07568637005474811,1.6081271647725237
0.5135686890761312,674.2745063461532,0.1838854834432575,1.1070922831136686e-07,4.760230459764187,0.35555819851777654,0.2640781520872667,65.17941123444689,24.78995528821429,15.662627179751373,2.719853450724853,30.848881235863086,65.17941123443768,3.657043526288425,4.637974473839013,1.2682305913230807,0.10748540182205345,1.4465258814298207
0.5132929299004414,682.3704097515225,0.20402198641821429,1.121849812361083e-07,5.124424103575138,0.31902342121192856,0.24377145803520844,63.873828847125985,28.701869749106336,16.224716612491825,2.8849741390485546,31.88147328302379,63.87382884712375,4.080207525922805,4.917230908021957,1.2051423553290581,0.10019963075887281,1.6402561336985202
0.5209927349660277,750.5988411461964,0.18934406698066814,1.3353279972931434e-07,5.495917491851758,0.35516889815499314,0.28884988671685174,65.88088134802359,26.8958143631201,16.494463362231617,2.926846996125113,32.54912845806458,65.88088134802359,4.209936549320743,5.0549400204043815,1.2007164386408573,0.11827973293840563,1.633214462253984
0.5312633449462095,800.3921770555355,0.1929691843647027,1.2875395071410483e-07,5.473292228335627,0.3508905347824803,0.28819059520529156,67.96184287869282,26.133625592089725,17.652387824566,2.8255754604482495,33.27625159270286,67.96184287869282,4.16806706876333,4.968161336780746,1.1919581078753623,0.11847657503119391,1.6177990602776793
0.5339636732735511,693.0632795788732,0.20835581595341798,1.6532228628198763e-07,5.5568174743025525,0.3612625161735479,0.27058027405388574,66.35929334288527,26.33328240803472,16.569270454261336,3.365974273699576,36.91993496620022,66.35929334288527,4.224674659354274,5.946569353889307,1.407580425328709,0.14255785213404973,1.662498130037514
0.5146164005610012,776.8046731316769,0.22004213550427157,1.7724249098442997e-07,6.121826847822456,0.34579649864884954,0.28000483427519607,65.40722828827755,26.92610560009406,17.647013088170564,3.415795770812206,36.98147457958597,65.40722828827755,4.737217118523559,5.8351408787088115,1.2317655561726586,0.1319768270702362,1.850468448115672
0.5442164613467283,785.5073013305121,0.21003118901683013,2.0345237957756804e-07,5.3300247635698685,0.3748594678937778,0.32473582639578397,71.14663005948121,27.390303170992834,17.337560927825493,3.316750779786699,40.95735656677808,71.14663005948121,3.9085078047765975,5.967702440096684,1.5268493087831472,0.1591585517878095,1.4752027260448206
0.49915693616167195,852.548191439079,0.20774839756035343,1.9966099030761274e-07,5.791346038891212,0.3897119011778029,0.2741503923086707,74.1231764944805,30.90145482859125,16.830194904015677,3.4713933563697466,38.222184205722414,74.1231764944805,4.11841820737894,5.777537538993397,1.4028535345540736,0.16689390137770926,1.6161428949987042
0.5815125031150874,804.8514514593679,0.22084507791518834,2.2772234011857164e-07,6.585803102547832,0.3820325697309735,0.3118534996394752,69.00491658907728,27.1079298513662,18.9056404913079,3.79260415605788,41.458983922628754,69.00491658907728,4.849645416319316,7.314745637732736,1.5083052491050637,0.19283224329684495,1.8483944349167416
0.5685106711593824,816.2976083846266,0.21810750187014816,2.51586602072006e-07,6.435167943695581,0.3839767970336359,0.2969350734677382,76.10044069910157,28.24698119745159,18.815129930072565,4.002755732221487,41.42077773976222,76.10044069910157,4.554760165743673,7.531206206817048,1.653480300337043,0.22006789648019157,1.755970772524942
0.5752200384050927,801.7446966236862,0.24596684766207064,2.658387328904965e-07,6.0816256165275515,0.4264260806454603,0.3289439032836023,74.13409565949851,26.552566499793382,20.257245343771316,3.5871401752159993,44.8483495067654,74.13409565949851,4.159058834318886,6.835512858215832,1.6435239631168284,0.21608909836297274,1.564798493014842
0.5353775294944751,878.3418472836037,0.2269997187319546,3.054731684614749e-07,6.412736472755755,0.38772337610513974,0.3038908653505234,80.42334012347452,29.851098397227208,20.269345434853005,4.182251192869529,40.87847242627743,80.42334012347452,4.413116411860269,7.40716392162895,1.6784429030066295,0.23097025170076194,1.6922874947336548
0.6507222152669125,857.5123246821125,0.2350619024257378,3.022115848719551e-07,6.46885864790954,0.43337703803272093,0.3112674704104131,85.05686260684537,27.917873323646887,20.089890190175137,3.653870257262341,46.379210573488706,85.05686260684537,4.084327950187488,8.132764141527893,1.9912123220062594,0.2997874402321859,1.5573969622342327
0.6372631969019482,847.1017346407381,0.21797985085777422,3.5918580645251947e-07,6.798343640678698,0.42994763947955,0.3358720652788198,76.10209030834973,31.54788069147798,21.733132704122823,3.634985844210945,47.50236972773508,76.10209030834973,4.573931442073262,7.855406831430931,1.7174299464073837,0.2570282366470517,1.7119646263127013
0.6027789297147628,873.9740051598258,0.25953668984105016,3.811761300274162e-07,6.546596854814637,0.42930326608902913,0.30202510311918074,77.29721465185187,31.968622983346023,19.716822565267734,4.217614796103921,49.06845871245591,77.29721465185187,4.374177643218976,8.482373431368128,1.9391927176340997,0.28147862791765693,1.679759335184871
0.572467074924621,859.6512052634341,0.27509088939465565,4.081379362230986e-07,6.737787101366762,0.44578061231727345,0.33507915310884184,82.01656809571317,30.390634541988092,22.843241332117287,4.536331613516944,51.56945820850341,82.01656809571317,4.274358081246413,8.599144049385636,2.0117977684448247,0.31439671038514616,1.600788264610835
0.6374014226875226,865.5863827586439,0.25311637691750816,4.838045572424867e-07,7.167274477536436,0.4738925402723852,0.33609661119995043,78.04567648186035,33.40385565873382,20.650066767255254,4.183418371593835,50.997442968397124,78.04567648186035,4.516439098638298,9.043301421067728,2.002307841103022,0.33446888945218695,1.6901618718208098
0.707003597885913,1056.453419703102,0.2767188525084001,5.132031566832061e-07,7.333752017314482,0.4699722470821613,0.32330331758013187,93.40804866819566,32.51261372012903,22.693929848636902,4.502219212054722,52.65851976022727,93.40804866819566,4.114294246371421,11.456133409454795,2.784471095998656,0.5029149832575813,1.5545544969595688
0.6783287775152863,897.9354136028262,0.26543869646143065,5.376879519174977e-07,7.424961671531429,0.47494712008027684,0.33922327456629403,94.32827574308902,32.54191260200783,23.305060744316048,4.20613184592003,51.7540409891849,94.32827574308902,4.098508832252612,9.97490846336451,2.4337896712258944,0.4468853045629453,1.5301813036291168
0.6821080301728312,978.6313235654944,0.27347147909363984,6.228175183196495e-07,6.827071126226068,0.4559975364098466,0.3495941672262495,90.90881399973615,33.78426034697006,23.016321834774065,4.5424199518313975,52.19739855723748,90.90881399973615,3.9969637336277635,10.86984263830206,2.719524960121734,0.45060057875864373,1.4808020924699588
0.6906649891230846,971.0381012332098,0.28897928620332697,6.685887841468142e-07,6.701601842334063,0.49729002820562285,0.3296686123500622,85.82459236431681,34.52432451120345,22.909332170706733,4.87816893793733,56.88610621189326,85.82459236431681,3.841377345449492,11.91730198569349,3.102351295899312,0.5086270398955839,1.4444867351799127
0.6985981067325875,897.4764188074844,0.30389356485186225,7.641652269540215e-07,7.4917248468591024,0.48200250975426095,0.3105478281740796,92.88019544816713,32.037132810161914,22.167488894890084,4.364871273867917,59.52485508173179,92.88019544816713,4.137792959306861,10.874067479696851,2.6279873320482454,0.48681555199989074,1.5786501149949785
0.662162935011522,1050.3185556469475,0.2832239501396675,7.579032812429177e-07,7.3221639926729685,0.5157268536287398,0.3411970568385379,89.81530610548984,34.457174008472876,24.79042096159035,5.085414408727531,61.76292329261004,89.81530610548984,3.9305255331857762,11.614855879918156,2.9550389081187483,0.5380020434280214,1.465305009858428
0.6793916764364795,922.2645836669686,0.2894010453744234,9.221448215369783e-07,7.497948014778269,0.4692702095972293,0.3529024428432123,93.44559765948124,34.648562150227185,23.659197062945324,4.85162104921787,56.078861542207164,93.44559765948124,4.210005195673878,11.534771846913237,2.7398474136721145,0.5058139932327528,1.5559160299933668
0.7311569443893675,1051.7624667361877,0.27230718206642857,9.535244569903795e-07,7.401388297963968,0.48374940163982755,0.3485398355286687,88.11418520643198,33.3867453270307,23.745053284898127,5.051816832349736,60.20803301110875,88.11418520643198,4.246532890047389,13.696385916731654,3.225310216914112,0.5838109748977758,1.5744929360513176
0.2891739366999412,403.536417442788,0.07781327966165094,9.864172444836973e-09,2.167345209029854,0.1600534578884276,0.18700418763072404,31.24459862681876,15.608547415868694,4.712934177811846,0.5204694410938715,1.0768965959206276,7.301499935951217,2.1420169559401567,0.6419002356381626,0.29967094044613896,0.0007501440729812095,0.9022786011461555
0.29086691165888706,393.33310511786925,0.08878889640074704,1.113453580427491e-08,2.1809729924743984,0.15981891527171818,0.2070279840951378,29.24884212555356,16.215025376019586,5.724429946931999,0.5850486412469665,2.1992902953266356,9.624085005152917,2.1474272107648753,0.7230561321456215,0.3367080981935037,0.0011121404646634568,0.8895515427402118
0.2921100343983533,435.4045907399704,0.09152466372027925,1.2030400575578968e-08,2.3711008873324033,0.16154150845980764,0.21194134678727078,30.988303120502668,15.797701105175983,5.765621465813971,0.6913753218248689,3.34519286008656,12.632636959202955,2.322713944621031,0.8557790680194826,0.3684392862932201,0.0017463842622249932,0.9582616975558683
0.3223567201314495,454.77286680494717,0.09142818346270302,1.2192184894828045e-08,2.5744405437630906,0.1832696063887756,0.19566766058690552,35.151391322176785,15.816464344297634,6.306493470077524,0.7869188947984824,4.5581875889066445,16.497226954232772,2.4966038711103447,1.0119278532587588,0.4053217512671371,0.0030595034425291517,1.0440208234305097
0.3196169588274916,433.47764984596154,0.09347171306703064,1.3957773271758379e-08,2.481432906748958,0.17218071438293972,0.21948300151368497,37.93156719258281,16.150261845187156,6.712047410891834,0.8890169563141578,5.953592497155095,21.869551018169094,2.3879941804765177,1.139205889172616,0.4770555550287357,0.004289696769831756,0.9791010524592866
0.3421106663002027,478.35165577033644,0.10491927524740499,1.5008544686916032e-08,2.725767322695742,0.1939534149174769,0.20708911387848566,36.70214123941678,17.623040519384944,6.967129318617469,1.0106428247397985,7.85017565117251,25.24719167021421,2.592292519717536,1.3334965671124193,0.5144082147248262,0.006529838041767126,1.073778435209422
0.33526493759381815,440.77527061921677,0.10856327493976485,1.820918313317595e-08,2.7031264345967356,0.2068707278248814,0.20375195708465432,39.27431493759061,16.920396936990965,8.08936013853639,1.1557291231511817,7.909221831758481,29.398790788216644,2.5387290630008694,1.511280415879934,0.5952901543946347,0.009191228532084305,1.054506722942064
0.3473293368587753,506.58999154093806,0.10927170066545842,1.92631396211687e-08,2.8607697743632015,0.1808032684380234,0.22127536781109952,37.93089187237394,17.416854622857347,8.424284001362748,1.0710567488983282,9.811939588038332,31.49831333756452,2.697848992879503,1.4230084967419068,0.527460395484583,0.008104030545370974,1.1045211686021625
0.3602107791296537,490.9937264170425,0.12049929833629971,2.1570124926779075e-08,3.0646015281571954,0.21717048398409033,0.22077102835202392,39.36902948809141,17.274275794623236,7.924192587100534,1.4167553191134468,11.29436536894272,35.180827511081176,2.8304586979560376,1.915079699926777,0.6765969421527739,0.014631663427749861,1.1592913954457973
0.3482401419371359,476.46790926674566,0.12330919363687663,2.393706840789478e-08,3.1871738193553463,0.2115540450690675,0.22612365816425273,42.62631879810967,18.753665408937138,7.71101769549214,1.3112888000128697,11.33284108992757,39.01566869891263,2.924106961271323,1.7442921246045255,0.5965213132443535,0.014397252073726892,1.1924192726406095
0.3849759729934583,600.4312555782116,0.12719284468643136,2.5194232098521736e-08,3.3731067727677613,0.226772615894102,0.23545619157357733,44.578084956752264,21.04374309501594,8.568116985999966,1.4519565605493836,12.436778018307956,41.937341385620414,3.052316202656772,2.030640238242092,0.665278465079928,0.019311877257341886,1.2352992455236693
0.40062274647462953,510.13307489700435,0.12668764734871812,2.7702824687771285e-08,3.5102387162985025,0.2390680507879133,0.21911891432621317,44.714317380137416,18.798317590525045,8.892648180138744,1.493817079865915,14.025182666997793,43.33063192948276,3.1466141507603087,2.135924599114411,0.6788009259407649,0.022125978235301078,1.2905279845073154
0.4462458892691201,558.7789013465987,0.12465594815821653,3.0016186681654604e-08,3.646566490023467,0.26032807553739556,0.21796183018167314,41.60221442187464,21.75937861835458,10.090778444923355,1.5324887964772502,15.861953283872127,41.003833592858456,3.2573156065535915,2.3441363829651003,0.7196528264712174,0.025022364477362714,1.3371993792562964
0.352600632646494,559.2780498783287,0.1406353342366083,3.550034449924955e-08,3.409749298363789,0.24389762981704077,0.22870026596306106,47.848176933046986,19.39707184617224,10.095825587983764,1.6095380839106235,17.195231809518475,47.62870031655911,3.0136548464473516,2.153518124600368,0.714586850295429,0.0250164016945474,1.2263588321457857
0.432067915987888,564.7251265726453,0.14313027139257162,3.457605707290431e-08,3.6586314796558823,0.2493724422869782,0.27468105896250683,45.87093722311989,22.230754997279313,11.24831720007097,1.8107711075437622,19.42733971803137,45.74765123825111,3.241247354476701,2.7110108211405017,0.8364097289261634,0.030927763187547138,1.2713954332681576
0.43030875845200206,595.0305642817375,0.14695558049511562,4.345435594704229e-08,4.047077771384129,0.24909843487504868,0.22969701153580088,49.39154320568124,20.277510291682077,11.08712153758636,1.9937186820315724,18.625388014437693,49.350771692768895,3.5495624072559444,2.9770714597118992,0.8387150634754947,0.03659773483442674,1.4432670706513318
0.4296902312799242,597.6472080167399,0.15827788343225235,3.9930586497916766e-08,3.8390817783831963,0.26707767736226445,0.2639193502738854,49.964617200774924,19.51044581135288,11.887894864255987,1.9068240096717621,19.059858170942114,49.901941425698396,3.3274206830613613,2.8446907663493417,0.8549236893400901,0.03791316979903449,1.3163105234287
0.4250781368583323,602.5521881039343,0.15159964884656865,4.396749598641398e-08,4.264707387119823,0.28873044698878264,0.2602513230541254,49.56169326393479,21.717751633680017,11.934882684276293,2.122936972801789,22.186830810338186,49.55195254327983,3.654548988297139,3.1454559242158964,0.860696062438485,0.045002533024500156,1.449928645756392
0.43053223857831724,622.9516988928289,0.164493234273845,5.823834783536739e-08,4.352171782861115,0.28956186100273046,0.25617125800930307,57.677155248303315,22.804785981199643,11.815348790147947,2.3041382978042932,23.46466381203149,57.67676266108394,3.625315976731847,3.441746459771598,0.9493645469419928,0.05748057572914214,1.4430022791944022
0.4450205289069743,617.4854265414525,0.16775741011800016,6.101736298842131e-08,4.369210163585526,0.2901615524777555,0.2801065926412155,58.16175941509731,22.971998657408676,13.355427666305793,2.129002418991807,24.352627192283435,58.16161818535205,3.6318506593031294,3.2504872487666536,0.8949947433660032,0.05485608557817583,1.4185735313688261
0.505174749121369,637.8670915363275,0.16259967929988695,6.337684542331449e-08,4.206591834550367,0.2813659863452729,0.2563852003449466,52.55773403762772,23.18135388676816,13.757110997033049,2.2306754258909973,26.98693871648544,52.55771586245496,3.5845229874429054,3.7501357291002893,1.0462021703410882,0.05545683301948571,1.4265222904801638
0.4834686706581504,691.0047906705047,0.16855315603071708,7.504351511580463e-08,4.321843679909643,0.3133537125125476,0.26655644841870024,59.45761960067026,22.18590635765642,12.964059749883733,2.5010919979307684,25.03931405159105,59.45761475520251,3.516629560378921,4.056715172286049,1.153580467499947,0.07558173264858864,1.3882640464897733
0.4906993345554381,623.6304897429632,0.18635714908465306,7.41882408165715e-08,4.823498964965602,0.31675076076670644,0.25803294814140054,60.90599698423031,24.291856795323397,13.602952376028547,2.3933096903230497,24.79218693195616,60.90598997149696,3.8929486446412214,3.927961720798102,1.008993973297099,0.07577831080837905,1.5472363622878902
0.4962822817657782,628.3016198331708,0.1841389703173295,8.570709851482551e-08,4.979875198983076,0.3095392850080164,0.26595389472540926,62.7244863655253,24.796320759954614,14.615193826340672,2.6735369913219302,26.49080162731715,62.72448619096653,4.012997938084154,4.428455403200026,1.1035279537956144,0.08598152883697645,1.5849700193681184
0.5146836376772281,715.1264683637372,0.17821072981336347,9.424516725600985e-08,4.929069016728687,0.31926701596497215,0.2780344117877738,66.26228709076375,26.137088340941315,13.825143964043093,2.7881880344036243,31.88457889093814,66.26228709043893,3.8863065899664626,4.76355730658027,1.2257286439723165,0.10077478242183811,1.5204232977303471
0.5138307861847176,744.6407374606474,0.21158733428418489,1.1017613051963983e-07,5.124314828284846,0.3457407392171067,0.27853390830455393,63.238755019354016,24.761227978462795,16.392594849316247,2.681505380373414,33.48502899225454,63.23875501935318,4.003923672931797,4.574626775295688,1.1425359594694784,0.10002061836231947,1.565826157180823
0.5250475403121257,668.1065537213996,0.20035116243309925,1.0304973563577648e-07,5.345794934974575,0.3505735284644581,0.27131094225261926,64.88817420328535,28.11476283607817,15.217452827795528,2.734861812685195,34.69946241438602,64.88817420328306,4.129729430415948,4.756674689538464,1.1518126719162252,0.10820519822993079,1.624201166356098
0.5714754830189136,730.7472500532173,0.21140104645829222,1.349693857357544e-07,5.109136836265327,0.33453761425083656,0.3000485836808093,71.36139902942341,26.752727649716636,15.315658910715193,3.2756233901103253,32.62055692427832,71.36139902942341,3.889428911522485,6.19767538660377,1.5934666830503248,0.14795755185821177,1.495878292682878
0.5197142157833258,755.572548138186,0.22169993575592337,1.4488252829592467e-07,5.541177778669661,0.35810754927706684,0.2863359238377638,69.01661122731213,23.0859384687611,16.184929587192666,3.108488725719363,32.716454126289,69.01661122731213,4.171655215685937,5.356823844850002,1.2841003313763049,0.13239588070413105,1.6215263596307978
0.5471023502637183,747.3822090035852,0.22865448948229541,1.6464722457396834e-07,5.421735597142714,0.3544493265791661,0.287707797904736,66.92314536478007,27.09842638162958,16.198384993028306,2.9844434929435546,37.036705871494355,66.92314536478007,4.135653080163109,5.39782271522959,1.305192338574178,0.1280410174828639,1.6058196925157793
0.562049428468084,736.4874769763104,0.2243052440118597,1.6238804198899702e-07,5.7452856491577124,0.37922769451544114,0.2913462656374866,71.38287134645171,26.541394311642954,17.075495650003326,3.2215973681373327,35.73670815065643,71.38287134645171,4.190016041588961,5.988649401306937,1.4292664614801542,0.16211490555918587,1.622344119886588
0.5481728777342472,719.2273275340866,0.21380102934254466,1.8158319397600462e-07,5.721678520705421,0.36694361886239985,0.2939872523592052,72.82740172503054,28.86221493413221,17.07954395793495,3.1455867956287555,36.329633258987194,72.82740172503054,4.192642880855728,5.700312051921728,1.3595987576118767,0.15233257608081177,1.620047984712244
0.5475529792521832,777.9035233354281,0.2150620848106896,1.892449234524148e-07,5.783392816359679,0.3820055753093002,0.30682390836857065,70.42974302190353,27.481763259747733,17.22435918027564,3.433369897746786,37.853667077114686,70.42974302190353,4.227396744019262,6.214840100140687,1.4701340982327185,0.16720750419525404,1.6174316665573991
0.5857043530504382,732.2825104263225,0.22406055128773616,2.2564645103204988e-07,6.096341853909654,0.4376513635196238,0.3062852554718129,70.07177819634299,28.333497321745657,16.829078641033533,3.516383921807817,39.03797970431275,70.07177819634299,4.2267761323260356,6.837281129374749,1.617611369829546,0.20967896378894563,1.6178610738430863
0.6039852497942373,793.8963153226312,0.2312947638366675,2.3644497948803354e-07,6.699115416591537,0.38654701709411243,0.3319439795386123,78.15926375979105,29.573596346101603,19.22558996047827,3.693774510646311,37.8965641320865,78.15926375979105,4.675163241238299,7.44690457111208,1.592865144349406,0.22498759566108337,1.7550149679935427
0.5775469863141564,863.5851159490647,0.2365630762530927,2.4942109506002416e-07,6.269244315532795,0.43408211032510985,0.3262915513457118,76.19162753563694,30.678907869977913,18.93229680178795,3.3978524195893236,41.14865193989196,76.19162753563694,4.19579065739434,6.503651678871331,1.5500419849140454,0.21509801957156668,1.581775384581585
0.6402857787383557,829.2974337026865,0.23869217722877525,2.9028697692107123e-07,7.0182641725774735,0.4402427350627277,0.34461781586572615,77.13677321262837,30.13278941951737,18.200448918172384,4.087192112725569,41.757566362341606,77.13677321262837,4.634938578830252,8.890723679395078,1.9181966552917913,0.30191923203504695,1.7235152338979192
0.6085662031948954,806.2579125968848,0.23887578170360335,3.1019274641816556e-07,6.332122363860957,0.4031181725776283,0.3046776265284694,82.37670296749866,28.4391095716661,20.32370745470271,4.1353369368269,44.382189504496026,82.37670296749866,4.229379919433981,8.414840338030137,1.9896156170231916,0.27943619729836205,1.6208524747556448
0.5883002297618843,855.3324039717932,0.26539492403945864,3.590997304561791e-07,6.47635116322237,0.4316245437214622,0.29889231803830146,83.1475066032094,31.133538698994023,20.19454335357696,3.822506608575068,44.68225919086591,83.1475066032094,4.152085578149776,7.47021365046987,1.7991473224399908,0.26809479695180133,1.5983178591819727
0.6349030258074296,931.475675109214,0.24697311547157144,3.9964844029906183e-07,6.068476561045013,0.4160439057716315,0.3188917629597657,78.01705909692629,29.470604941014045,20.219924443489177,4.141263822107423,47.509976333413285,78.01705909692629,4.098738762414587,8.904086785980166,2.172396754736017,0.2890134966857416,1.5538571388210358
0.5564145929968605,795.4464013725624,0.2517149744261803,4.3901522970830094e-07,5.950350370570276,0.4248273068766966,0.31396457537451505,88.82707628296774,30.723460733694647,21.734921927606397,4.202946005252945,43.92598505116781,88.82707628296774,3.7049161822407406,7.731896314921991,2.0869288088039077,0.2917721351672453,1.4098234654403603
0.6590726984053541,911.7556383073143,0.27079285326264196,5.640450668308126e-07,6.288841988584169,0.4810468543875674,0.32083184904649426,85.60010716296576,31.662478018935275,21.273661535643964,4.143780528569489,51.19717097897366,85.60010716296576,3.69924387282586,9.397876959723753,2.54048591625961,0.3869826036527287,1.4003462573590788
0.5940908454641245,948.5979048009949,0.2629825322772551,4.886816402864459e-07,6.9821382650014945,0.4782858573794078,0.31977663785616206,87.25051550661266,30.96810598545727,22.98198490527258,4.506485614522152,56.33819849157146,87.25051550661266,4.068443956725208,8.907697309127432,2.1894604924821084,0.37172433378397207,1.5413380719232783
0.6453056225903826,957.5070695265398,0.27440014661125617,6.058532870497582e-07,7.004179255113563,0.4741715500086235,0.3284042540184734,86.76146675982882,32.7003522578522,22.835434324542323,4.42312455979532,53.342090093549984,86.76146675982882,4.122672574899923,9.727686946545834,2.359558458697626,0.4001952819673285,1.5517386979259822
0.7111971563869984,985.0313117737755,0.289612757610161,6.108183252202631e-07,7.059280428756476,0.4864623343876621,0.349354252446417,94.87414696530792,31.963848254142547,22.695671186448582,4.16858650391642,52.92032033109081,94.87414696530792,3.8012319804984354,10.721594690973147,2.8205578470291837,0.4948305326344719,1.4085374443392813
0.7005998527509673,928.8380768652714,0.291072888540485,6.801084081191434e-07,7.631890802434218,0.4443758458114878,0.3391940983586133,76.2795483753993,33.055535491229755,21.462355240761394,4.9120007706695175,57.32868314477065,76.2795483753993,5.044924893592553,12.298445066938852,2.437785561992971,0.41687779533985275,1.8835674753106657
0.6912722545949767,1036.5219325733906,0.27293593066083593,8.202148583162822e-07,7.988407801054473,0.47291099848440377,0.3601682208754644,85.98564381086133,32.383090880277244,23.052033645332397,4.599532306717531,53.40890942148308,85.98564381086133,4.74003706784848,11.253291117195104,2.37409348410497,0.4575988410671561,1.7424451604955093
0.725482941579279,962.8844486350225,0.29614971515180516,8.050118959663597e-07,7.049153822236289,0.4922728215609345,0.310998473126711,92.0300315729217,31.844971744852085,26.586655162335212,5.035797553503301,57.896364488742975,92.0300315729217,3.8556134002155065,13.446109970900816,3.487411359797965,0.6091609971051226,1.4704873725062122
0.7355506697678501,945.9574558067942,0.30354038918688053,9.193925316794148e-07,7.981542603464078,0.5242115683954882,0.35964527117067,95.02575674731311,31.72955693427861,23.411371647130863,4.878049491296152,59.07041409213371,95.02575674731311,4.005648818728063,13.38471245972353,3.341459290476107,0.6667407257338582,1.4730492223457499
0.6604428696364126,1120.583833778921,0.3227459108288036,1.030105916019624e-06,8.028814744513499,0.4946947757524712,0.3333414269496109,95.36803246296459,35.45106694524981,23.44779928064797,5.083544104311224,59.534222853525755,95.36803246296459,4.240975110258557,11.565149904646711,2.7270025416257693,0.545621422076728,1.5903560125484761
